{
  "loss": 0.5815062522888184,
  "compile_metrics": 0.7619140148162842
}